release_id,artist_id,release_title,release_date,genre
1,7,Stand-alone upward-trending core,2022-01-26,Jazz
2,3,Multi-layered upward-trending algorithm,2023-09-30,Electronic
3,10,Stand-alone zero administration methodology,2022-09-16,Jazz
4,5,Object-based motivating open system,2024-05-04,Rock
5,1,Fully-configurable optimizing matrices,2021-05-21,Jazz
6,6,Vision-oriented asymmetric definition,2025-03-11,Pop
7,7,Integrated local approach,2025-04-23,Hip-Hop
8,6,Polarized systematic open architecture,2024-04-12,Rock
9,4,Front-line leadingedge challenge,2021-11-09,Rock
10,4,Right-sized 24/7 forecast,2023-11-10,Rock
11,8,Grass-roots national Internet solution,2024-11-20,Jazz
12,5,Visionary didactic time-frame,2023-04-06,Jazz
13,6,Optional homogeneous contingency,2025-02-19,Electronic
14,9,Progressive multi-tasking conglomeration,2025-03-19,Jazz
15,1,Polarized mobile system engine,2023-12-07,Jazz
16,4,Mandatory holistic collaboration,2024-06-27,Electronic
17,7,Enterprise-wide intangible support,2021-05-07,Hip-Hop
18,5,Face-to-face intermediate approach,2023-09-18,Rock
19,2,Reduced actuating standardization,2024-09-23,Hip-Hop
20,5,Managed clear-thinking encryption,2023-07-08,Electronic
