stream_id,release_id,stream_date,platform,region,streams
65c388b4-f34e-4c00-95a2-baf59e5a22b0,17,2024-12-30,Apple Music,Palestinian Territory,9893
a2ddf956-60aa-4090-ac13-ba21582fa74e,3,2025-03-20,Amazon Music,Indonesia,4907
88dc2d7f-1299-4280-9d47-0b0021aeea9e,8,2025-03-19,Spotify,Qatar,1742
19b24947-1147-4a12-b258-b05561b84370,9,2024-07-05,Amazon Music,Burkina Faso,3973
624dc78e-26ae-4b7b-8a44-e2d17f08064b,11,2024-12-05,Spotify,Kiribati,6949
6dc6c91f-79c8-4dbc-b32f-4dc33b277702,9,2024-09-19,Amazon Music,Saint Lucia,491
62a97f0c-713f-4426-b649-a89c4b737eb6,8,2024-11-12,YouTube,French Polynesia,3150
f1422c25-f44f-4b43-adc9-0edd8009425f,10,2024-07-25,Apple Music,Philippines,5747
413d50bb-5253-4e74-9542-92a5c5f4c94a,18,2025-02-05,YouTube,Spain,1708
fc840cd9-de0f-4b8b-88bd-d5b4a74ffd61,5,2024-11-10,Spotify,United States of America,9277
ffe93a33-dc0f-4e00-9c61-15c4ebc3aaeb,7,2025-03-08,Apple Music,Tanzania,6029
e80d01fc-dc8e-4ac5-a37a-77513525ff0b,19,2024-12-01,YouTube,South Africa,4050
4ba28eb5-faf5-4ede-8435-3b65c75df7f2,9,2024-06-10,Amazon Music,Kuwait,1470
73c60587-8447-42a1-955c-05bec1d028f3,17,2025-02-27,Amazon Music,Korea,4448
efc2a034-3792-45ed-a7ce-c147ef1f608a,20,2024-08-21,Amazon Music,Vietnam,833
5f94571f-e3f8-4d11-995f-a174cf628bb5,19,2024-07-02,Spotify,Ukraine,8517
ca90a4a3-a0e8-4ccf-b493-7638f0b78a1c,4,2024-08-09,Amazon Music,British Indian Ocean Territory (Chagos Archipelago),5518
4429b46e-01b7-401a-b8cb-c5c031105e3c,2,2025-01-11,Amazon Music,Antigua and Barbuda,4019
d2412ef4-d898-4f7f-a40d-068a97571129,18,2025-02-12,YouTube,Bangladesh,8091
ba96d83b-f79a-4f81-acc3-1b5394f37ccb,20,2024-06-30,YouTube,Sao Tome and Principe,312
4abbeb8e-fb9a-4c14-92e6-c49c1152fd87,5,2025-04-14,Amazon Music,Faroe Islands,5838
e4b09f25-8e71-455f-a9e6-f5e1188ff5a8,2,2025-02-08,Amazon Music,Mongolia,408
cfa9a0c9-52bf-40e1-8982-47830ca0df4e,17,2025-02-08,Spotify,Saint Vincent and the Grenadines,2408
4e539394-faa4-462b-a8c5-1ea27f7841c4,7,2025-04-01,Spotify,Bhutan,517
780f0bfa-0314-45c1-a5a5-47a65bc8ea2a,5,2024-06-19,Apple Music,Svalbard & Jan Mayen Islands,7963
2b6c9169-9147-4f7f-8c9e-3c08e763d52c,16,2024-10-20,Spotify,Ecuador,7179
6613f424-2755-408a-9279-b8120d38e96f,15,2025-01-13,Apple Music,Puerto Rico,4979
7d4a8286-501d-4790-afe6-13ee9ba3362b,8,2025-04-15,YouTube,Latvia,8794
79066214-a42b-4b64-a2dd-d7377985fbbb,18,2024-10-14,YouTube,Moldova,4249
af4b632a-c29f-4af1-b115-3fc0100946f0,7,2024-09-02,Spotify,Tunisia,3205
e75d69a7-00e6-44ea-b82a-3282cbccdb56,11,2024-05-10,Apple Music,Korea,9656
530df98b-2cfb-4f97-8589-474bb79e67ce,14,2024-05-23,Amazon Music,Brazil,8864
02aa5e44-6604-45af-b90b-0946f0d42485,11,2024-09-04,YouTube,Micronesia,6419
d1d1d8f0-6d9d-45dc-8d0f-0d742db9d86a,14,2025-03-08,Spotify,French Southern Territories,4815
06764db1-db1d-4a4c-83f8-ea89fa121060,4,2025-03-21,YouTube,Martinique,9553
a2f6b4d0-5023-4836-a1b6-55c1c7c64408,19,2024-11-04,Amazon Music,Gambia,8889
146935e2-87fc-401c-93bb-71d7205a8292,18,2025-01-08,Amazon Music,Uzbekistan,6096
6215b0d1-104a-4d2d-ab63-4df1f851d1e2,12,2024-08-25,Apple Music,Netherlands Antilles,9746
0c71d7ad-818e-401f-a203-240f7b6e91ef,7,2025-04-30,Apple Music,Uzbekistan,6557
a727f462-2034-4dec-ad2e-611b11905da8,8,2025-01-13,Amazon Music,Burkina Faso,5133
e3f9ce33-33fd-4fb3-b3ff-2f09e5571c39,14,2025-02-12,YouTube,Czech Republic,1849
8aebbe46-182c-46fe-95fd-2b71d3ebe268,4,2024-08-30,Apple Music,Chad,6425
1952581b-01c2-4b83-9166-9516121d1b0c,10,2024-06-21,Apple Music,Thailand,3636
1e3213e1-6d9e-4615-8861-fd0f8a0d6973,13,2024-12-31,Apple Music,Czech Republic,1345
f91e2454-efb5-48d1-9d0b-256c3eb4c172,15,2024-09-08,Apple Music,Kiribati,7615
ba9f24e1-6ae5-4281-84a1-5de2882459b9,7,2024-12-07,Amazon Music,Czech Republic,8147
ef46fd5a-971d-4658-99cd-0133b81bff5c,16,2024-08-10,YouTube,Kenya,461
cc993714-afa6-4be0-8d19-72c41f2150a6,1,2025-03-26,Apple Music,United States Virgin Islands,1066
1fdb1ae8-29d1-43f8-af07-89792479d2d0,17,2024-07-05,Apple Music,Honduras,8441
d7945b76-4430-435e-9c1c-78b0180fbfb6,6,2025-02-26,Spotify,Montenegro,323
1229505d-5190-4512-913b-e8286b859463,7,2024-09-23,Amazon Music,Liechtenstein,7608
c3c7f0dd-0c75-41bb-917f-05e8dbece672,5,2025-04-12,Spotify,Belgium,687
957b9dc4-092d-47cc-853d-97468e7e45e1,4,2024-12-02,Spotify,Australia,1131
08e4b4eb-dbae-4cdb-9377-d532f5158714,17,2024-11-23,YouTube,Estonia,3765
ee452446-9251-4e8d-90f4-f747420474a9,15,2024-07-18,Amazon Music,Brazil,996
9c7b6122-9769-4247-a7bc-bcbc03f4cbba,11,2025-03-04,Apple Music,Gabon,8212
907531a0-c0eb-4eb7-876c-883f95ddd176,2,2025-02-25,Amazon Music,French Polynesia,5154
14c53494-ba86-427c-9fc8-daefa81af476,3,2024-11-16,Spotify,Switzerland,7512
193b536c-90db-475d-94ca-8433c673660b,17,2024-12-16,Spotify,Mongolia,6950
70840856-dc2f-47d9-9357-644ee403739d,2,2024-05-28,Spotify,Kiribati,4790
272a77da-2ee1-4a16-b7f6-e022e1844e57,7,2025-01-15,Spotify,Paraguay,5065
dd1b32be-027c-45a7-ab22-26e6065ba4bf,5,2024-06-04,YouTube,Belize,3635
7d4094ff-839f-42b0-af71-1601b407f0a9,2,2025-03-24,YouTube,Italy,7107
8e7d747f-c3d6-463c-9c80-36674331b49b,14,2024-05-30,YouTube,Turks and Caicos Islands,1821
e366f0f8-8530-4154-b697-6be1264bfc69,5,2025-01-10,Apple Music,Luxembourg,4223
7d711a69-7216-4bde-8620-63174f727e82,5,2024-12-06,Spotify,Christmas Island,7087
edea657f-92cd-4479-9fad-b5ba3b891ee6,11,2025-03-01,Amazon Music,Denmark,3046
4c5d3d75-7bad-4e17-b3b7-251a1e4a9510,3,2025-04-24,YouTube,Bulgaria,1173
f207ff69-6187-4f4a-9aa7-e8baacae4e7a,18,2024-05-05,Apple Music,Equatorial Guinea,4482
cfe3feb1-3dbd-46a8-a70b-117c759c5ce8,17,2024-08-14,Apple Music,Dominica,1481
cdc112ea-6e93-43ac-9c47-64c755efbd35,16,2024-07-15,Apple Music,British Indian Ocean Territory (Chagos Archipelago),2384
a7bf866d-d13e-414e-8ace-70957a0373af,14,2024-05-16,Spotify,Saint Vincent and the Grenadines,3296
97c50deb-c9e0-415b-b3a1-77b8b4795adc,1,2024-12-15,YouTube,Faroe Islands,4416
f4ef89b9-18ad-4e9a-a29b-b19cf6ffd067,4,2024-11-02,Amazon Music,Somalia,131
936f36a9-e602-4586-8b5e-7afb44b4c645,14,2024-05-07,Amazon Music,Seychelles,7006
45227643-3976-4b6d-8552-0b2da06cddb6,6,2025-01-17,YouTube,French Guiana,6974
4d0b198c-5001-4280-bba0-48d26b6a34bd,3,2024-08-24,Spotify,Japan,5359
75a5c973-7254-4180-a926-3639d5ca3dc6,13,2025-02-04,Spotify,Samoa,896
5eefaada-989e-4785-8c42-19bfd745845d,20,2024-07-06,Amazon Music,Turkey,7497
436b18f8-b9b0-45a8-8087-f45084a68767,2,2025-03-08,Apple Music,Croatia,4341
9f5e6541-d6a8-4511-ae0a-59745cf9e572,8,2024-09-27,Amazon Music,Guernsey,1963
9eb0ec3c-8bdc-4198-adf1-fb78e27b7c8b,12,2024-05-18,Apple Music,Latvia,6880
4b67e6d3-0760-44f9-954f-72ea30938d82,6,2024-09-08,Apple Music,Sri Lanka,3543
e793bbfc-f344-4b0b-ab70-273f517402a8,13,2025-01-30,YouTube,Gabon,5795
3d31c348-c507-484b-aa5b-d7915473b747,7,2024-08-01,YouTube,Antigua and Barbuda,2699
a94ed2f6-a994-42f6-9c4c-08467f327c95,5,2025-03-29,Spotify,Antarctica (the territory South of 60 deg S),5697
7689d64a-8096-419a-be32-705a29771740,19,2024-10-30,Amazon Music,Albania,8610
868ce91e-711e-4627-9d86-5c7d55c3dfe8,13,2025-02-28,Apple Music,Saudi Arabia,2309
8b853dac-26bf-4c18-b3da-5fbe040a5885,6,2024-08-24,Spotify,Guyana,8931
0ab7c713-a985-4c84-bb6f-f367f2ffe390,14,2025-04-07,YouTube,Hong Kong,3909
f012e283-49ff-4e5c-9ef3-84dffb5ea3c9,5,2024-10-07,YouTube,Cote d'Ivoire,2485
bb49810b-2c35-433c-8042-fa8f47ba2aa0,12,2024-09-26,Apple Music,British Indian Ocean Territory (Chagos Archipelago),263
c9c0b43e-6a21-4c6d-a5d1-f58376b2fbf1,16,2025-04-07,YouTube,Albania,29
c6758d75-ec63-4e03-95d6-c558047b3519,5,2024-10-21,Amazon Music,Equatorial Guinea,6534
6d1c854a-36d8-45bb-994b-4e6e90f7aa4d,18,2025-04-03,Spotify,Lao People's Democratic Republic,316
96d21e0f-a93e-43e2-aaef-19d431584d16,6,2025-03-21,Amazon Music,Vietnam,1034
50ebae5e-1196-485b-a4da-50548d46b827,3,2024-09-05,Amazon Music,Bosnia and Herzegovina,1798
d718588f-4541-455a-a014-8d796ed21eb8,11,2024-10-27,Amazon Music,United States of America,1873
265b99f9-c1f0-4e58-899c-fbc53e8d8b02,2,2024-07-07,Apple Music,Brazil,1910
8a05675d-1df8-44f5-aa08-a983465cf4f7,5,2025-02-06,YouTube,Saint Vincent and the Grenadines,8770
